EmbeddingSimilarity,nll-test,
1,-0.11768306786269409,1.0758246,
EmbeddingSimilarity,nll-test,
1,-0.16499354404665287,1.0792593,
2,-0.11557690793974001,1.0797962,
